{
    "epoch": 3.0,
    "eval_gen_len": 59.74205378973105,
    "eval_loss": 1.4200807809829712,
    "eval_rouge1": 43.1754,
    "eval_rouge2": 22.2026,
    "eval_rougeL": 33.6383,
    "eval_rougeLsum": 40.1594,
    "eval_runtime": 21.0465,
    "eval_samples": 818,
    "eval_samples_per_second": 38.866,
    "eval_steps_per_second": 0.618
}